game_id,name
2253940,B.C. Bill
2585260,I commissioned some cats 2
1558480,My Territory Was Witches' Island!?
3480480,Èãº„ÅÆÊà¶È®é ARMIS Playtest
2313300,3DMark Solar Bay
2333150,Windswept Demo
874090,Living with Jaguars VR
2294880,Bodhi 'n' Friends
2380010,Fantasy Grounds - Arcadia Issue 011
1707680,Referee Simulator
1701740,Noctem
1000621,Trove - Soarwind Sword
1544220,Project Death Wish
1244640,Total War: THREE KINGDOMS - White Tiger Yan
1918840,"Ragnarock - Gloryhammer - ""Gloryhammer"""
3262940,Classroom Whispers
1358260,Conqueror 940 AD
2973250,Theurgy Architect 
1965510,Death Duel VR Demo
382920,RETSNOM
2344970,Operation F.A.T.E. Demo
1700550,Intruder on the Bridge
1965170,Polars
3125700,Planternauts
1949860,MADiSON - Possessed Camera DLC
942351,Nyvoss Hex Pre-Order Pack
234771,Call of Duty¬Æ: Black Ops II - Party Rock MP Personalization Pack
1040200,Crime Scene Cleaner
1428880,CONSORTIUM VR
2746060,Monster Scout
2475610,Isle of Maligree
1973320,Road Defense: Outsiders
1565860,Rotate To Find The Difference
3462860,Trolls vs Vikings: Reborn Demo
1206090,BORE DOME
1993450,Yet Another Fantasy Title (YAFT)
2477470,The Chronos Event
1322470,MetaWare High School (Demo) Special Features
3539970,Super Smiling Dungeon
2451250,Dimensional Dexterity
3495760,Sex Apartment üí´ - Digital Artbook
1527780,Crossbow Crusade
3000360,E-Sports Hockey League
2715570,Holiday Party Playtest
1254370,No one lives under the lighthouse
3473330,Áöá‰∏äÈ©æÂà∞
2765460,Star Trek Legends
3433970,VR Head Football
2733190,Truncheon Titties
1347420,One Way: The Elevator
3443350,Sketch Magician
3592710,Neon Striker
3227480,TheLostVillage-‰∏áÁâ©ÊúâÁÅµÊâ©Â±ïÂåÖ
352690,Domestic Dog Soundtrack
201879,Assassin's Creed Revelations - Deluxe Key
1089710,Fruit Postal Service
589450,Where Cards Fall
1302720,Diving City
2065340,Canis Major
2508390,Saints Row - Dead Island FREE Cosmetic Pack
2153750,Venture to the Vile
1217100,Mega Hasan
570363,Tricky Towers - Gem Bricks
1635171,Coloring Game 4 ‚Äì Demake No.2
646960,Three Twenty One
2228620,RPG Maker VX Ace - Time Elements - Character Core Set
2484230,Captain Goose
1188360,Terminal Conflict: Eyes Only Edition
683600,Football Mogul 18
623490,Riley Short: Analog Boy - Episode 1 Soundtrack
1350130,RaidTitans Demo
2544060,The Galaxy Rider
295590,Hero Generations
297450,Zombies on a Plane
1389530,Happy Marriage Project - Starting from 9 years old -
1313890,Dragon Audit Demo
1456060,Strip Black Jack - Santa Babe
1970010,Light Bringer
1976650,Sukebe Beach
2056010,Yurukill: The Calumniation Games Demo
1464510,Hidden Memory Nature - Wallpapers
850990,Shooty Skies OST
2504660,Chickado
2527760,Search & Find - Hidden Objects
3513430,DashFire
3121710,CalmPlace
1604020,Many Bricks Breaker
1175030,Plunkocity
1426920,9 Monkeys of Shaolin - HD Wallpapers
591870,For Honor - ASIA Pre-order Uplay activation
2056628,Cool Kid Cody - Season 2 Episode 09
293057,Watch_Dogs - Conspiracy 
1694730,Mavis Beacon Keyboarding Kidz
2473430,AETHERIS Soundtrack
1091870,Theropods
277768,Train Simulator: The Rhine Railway: Mannheim - Karlsruhe Route Add-On
2313990,Robots - Invaders
1685364,Tiger Tank 59 ‚Ö† Black Hill Fortress MP015
1215640,Tactical Nexus Chapter 3 -Tactical Cloud-
956010,Hexanome
